0,1,2,3,4,5,6,7,8,9,10,11,12,13,14,15,16,17,18,19,20,21,22,23,24,25,26,27,28,29,30,31,32,33,34,35,36,37,38,39,40,41,42,43,44,45,46,47,48,49,50,51,52,53,54,55,56,57,58,59,60,61,62,63,64,65,66,67,68,69,70,71,72,73,74,75,76,77,78,79,80
0,234115,175514,710593,668305,757184,640060,592497,694108,774875,683501,700300,704752,680586,320112,362615,169546,308808,186342,176227,168569,279135,151167,173224,189267,25319,309909,13205,208949,155611,295986,327044,318201,301197,379387,39665,237775,303631,326800,324954,446085,348146,319004,306894,432515,469159,412383,457676,392195,307494,470924,439300,370820,336637,313629,447402,379697,447270,402158,304952,447271,719087,426038,402748,393419,485288,432484,620073,698819,689938,696734,590321,579562,610153,694890,542430,667402,334926,503346,184527,262887
245156,0,229007,478806,436518,525396,408273,360710,462321,543088,451714,468513,472965,448799,185645,145203,103100,196328,145225,130522,120378,232339,219228,356949,44533,262923,181927,232900,379074,367828,164117,198933,173735,188717,203311,277269,6653,256835,280004,278157,423896,301350,272208,456703,486468,487969,299903,437633,345399,457303,489348,493253,258340,289841,266833,400606,332901,501223,289678,258156,501224,773040,406693,456701,522220,473370,486437,573277,752773,743891,750687,548101,532766,590807,748844,603889,435614,184821,484001,238812,216090
174963,228731,0,655466,554078,702056,584933,537370,638980,719748,628374,645172,649624,625459,420017,373452,269452,408713,286247,276132,268474,379040,49830,366903,208883,168626,409814,169972,390440,319614,395891,426949,418106,401102,419403,203668,234902,403536,426705,424859,545501,448051,418909,502166,531931,568575,512288,557092,492100,502766,570339,538716,470725,436542,413534,547307,479603,546685,502063,404857,546687,818503,525454,502163,567683,584704,531899,719978,798235,789354,796150,689736,679467,709568,794306,641846,515340,434831,602762,283943,362792
720834,479422,655282,0,63243,95267,73546,119891,22013,93435,46610,12033,42571,44074,493964,448196,578777,545808,620902,606199,596055,635275,694161,832627,520210,738601,494141,708577,854752,843505,503162,512157,486203,526219,439906,752947,480165,655483,664763,655137,800876,678330,654485,932381,912849,864948,576698,814613,668422,932981,866328,903406,552815,663248,665482,777585,706309,882709,561852,646959,903593,1248718,783673,902780,997898,850350,923843,847259,1179508,1170627,1177423,859439,806749,925463,1175579,980869,101767,476507,860981,714490,691768
678462,437050,554548,63340,0,138004,61952,77868,55503,145533,83788,70957,85572,81252,451592,405825,536405,503436,578530,563828,553684,592904,593427,790255,477838,696229,451769,666206,812380,801133,460790,469785,443831,483847,397535,710575,437793,613112,622391,612766,758504,635958,612113,890009,870477,822577,534326,772241,626050,890609,823956,861034,510443,620876,623110,735214,663937,840337,519481,604587,861221,1206346,741301,860408,955526,807978,881471,839246,1137137,1128255,1135051,851426,798735,925415,1133208,938497,38968,434135,818609,672118,649396
767108,525696,701557,94725,146946,0,119820,166165,92676,96345,76859,84261,74396,85938,540238,494471,625051,592082,667176,652474,642330,681550,740436,878901,566484,784875,540415,754852,901026,889780,549436,558431,532477,572493,486181,799221,526439,701758,711037,701412,847150,724604,700759,978655,959123,911223,622972,860887,714696,979255,912602,949680,599089,709522,711756,823860,752583,928983,608127,693233,949867,1294992,829947,949054,1044172,896624,970117,887493,1225783,1216901,1223697,899673,846983,965697,1221854,1027143,185470,522781,907255,760764,738042
650663,409251,585112,73222,61340,119812,0,49720,56736,137504,46129,62928,67380,43214,423793,378026,508606,475637,550731,536029,525885,565105,623991,762456,450039,668430,423970,638407,784581,773335,432991,441986,416032,456048,369736,682776,409994,585313,594592,584967,730705,608159,584314,862210,842678,794778,506527,744442,598251,862810,796157,833235,482644,593077,595311,707415,636138,812538,491682,576788,833422,1178547,713502,832609,927727,780179,853672,788830,1109338,1100456,1107252,801010,748320,867034,1105409,910698,104788,406337,790810,644319,621597
602367,360956,536816,119962,77721,166553,49430,0,103477,184245,92870,109669,114121,89955,375498,329730,460311,427342,502436,487733,477589,516809,575695,714161,401744,620135,375675,590111,736286,725039,384696,393691,367737,407753,321440,634481,361699,537017,546297,536671,682410,559864,536019,813915,794382,746482,458232,696147,549956,814515,747862,784940,434349,544782,547015,659119,587843,764243,443386,528493,785127,1130252,665207,784314,879432,731884,805377,786564,1061042,1052161,1058957,798744,746054,849321,1057113,862403,96670,358041,742515,596024,573302
702756,461344,637205,25995,55556,82748,55468,101813,0,90277,28533,15701,30316,25996,475886,430119,560699,527730,602824,588122,577978,617198,676084,814549,502132,720523,476063,690500,836674,825428,485084,494079,468126,508141,421829,734869,462087,637406,646685,637060,782798,660252,636407,914303,894771,846871,558620,796535,650344,914903,848250,885328,534737,645170,647404,759508,688231,864632,543775,628881,885515,1230640,765595,884702,979820,832272,905765,829181,1161431,1152549,1159345,841361,788671,907385,1157502,962791,94080,458430,842903,696412,673690
785278,543867,719727,92967,145494,96399,137991,184336,91224,0,97779,78185,74563,108519,558409,512641,643222,610253,685347,670644,660500,699720,758606,897072,584655,803046,558585,773022,919197,907950,567606,576602,550648,590664,504351,817392,544610,719928,729208,719582,865320,742775,718929,996826,977293,929393,641143,879058,732867,997425,930773,967850,617260,727693,729926,842030,770754,947154,626297,711403,968038,1313163,848118,967224,1062343,914795,988287,911704,1243953,1235071,1241868,923884,871193,989907,1240024,1045313,184018,540952,925426,778935,756213
693045,451634,627494,45413,83198,77618,45758,92103,28928,97755,0,35119,25186,16137,466176,420408,550989,518020,593114,578411,568267,607487,666373,804839,492422,710813,466353,680789,826964,815717,475373,484369,458415,498431,412118,725159,452377,627695,636975,627349,773088,650542,626696,904593,885060,837160,548910,786825,640634,905193,838540,875618,525027,635460,637693,749797,678521,854921,534064,619171,875805,1220930,755885,874992,970110,822562,896055,820049,1151720,1142839,1149635,832229,779538,898252,1147791,953081,121722,448719,833193,686702,663980
710180,468768,644629,17869,70396,84486,62892,109238,16126,78412,35957,0,31790,33421,483310,437543,568124,535155,610249,595546,585402,624622,683508,821973,509557,727948,483487,697924,844098,832852,492508,501504,475550,515566,429253,742294,469511,644830,654110,644484,790222,667677,643831,921727,902195,854295,566045,803960,657769,922327,855674,892752,542162,652595,654828,766932,695655,872056,551199,636305,892940,1238065,773020,892126,987244,839696,913189,836606,1168855,1159973,1166770,848786,796095,914809,1164926,970215,108920,465854,850328,703837,681115
714748,473336,649196,42012,94234,74521,67460,113805,39964,74261,24499,31548,0,33578,487878,442110,572691,539722,614816,600114,589970,629190,688075,826541,514124,732515,488055,702492,848666,837419,497076,506071,480117,520133,433821,746861,474079,649398,658677,649052,794790,672244,648399,926295,906763,858863,570612,808527,662336,926895,860242,897320,546729,657162,659396,771500,700223,876623,555766,640873,897507,1242632,777587,896694,991812,844264,917757,835133,1173423,1164541,1171337,847313,794623,913337,1169494,974783,132758,470421,854895,708404,685682
691393,449982,625842,44007,81792,85791,44106,90451,27522,108289,16689,33714,33359,0,464524,418756,549337,516368,591462,576759,566615,605835,664721,803187,490770,709161,464701,679137,825312,814065,473722,482717,456763,496779,410466,723507,450725,626043,635323,625697,771436,648890,625045,902941,883408,835508,584658,785173,638982,903541,836888,873966,523375,633808,636041,748145,676869,853269,569813,617519,874153,1219278,754233,873340,968458,820910,894403,806130,1150068,1141187,1147983,818311,765620,884334,1146139,951429,120316,447067,831541,685050,662328
320235,183960,419713,493376,451088,539967,422844,375281,476891,557659,466284,483083,487535,463369,0,53367,159954,63720,191273,176571,153255,153188,395366,402998,189084,338003,11818,307979,425123,413877,27528,13006,12171,44131,66584,352349,174581,173396,182675,173049,318788,196242,172397,502752,430761,382860,104167,332525,186334,503352,384240,421318,62604,181160,183394,295497,224221,400621,93942,164871,421505,760420,301585,420692,568269,368262,441755,464596,697420,688539,695335,442993,424086,485699,693491,498781,458008,22617,378893,284861,187418
355359,145861,374153,448790,406502,495381,378258,330695,432305,513073,421698,438497,442949,418783,53454,0,195078,105299,226398,211695,188379,194766,430490,438122,161655,373127,53631,343103,460247,449001,62652,71647,45694,85709,39468,387473,139773,214974,224253,214628,360366,237820,213975,537876,472339,424439,153869,374104,227912,538476,425818,462896,112306,222738,224972,337076,265799,442200,143643,206449,463083,801998,343164,462270,603393,409840,483333,506174,738999,730117,736913,484571,465664,527278,735070,540359,413422,39418,420471,319985,222542
169329,102230,268807,578708,536420,625298,508175,460612,562223,642990,551616,568414,572866,548701,160286,202790,0,148982,45194,30491,16933,132308,244460,256918,75106,187097,150083,157073,279043,267797,136160,167218,158375,141371,219561,201443,105890,156804,179973,178126,323865,201319,172177,356672,386437,387938,252557,337602,245368,357272,389317,393222,210994,189810,166802,300575,232870,401192,242332,158125,401193,673009,306662,356670,422189,373339,386406,473246,652742,643860,650656,448070,432735,490776,648813,503858,535516,175101,383970,138781,116059
308785,194312,408263,540479,498191,587069,469946,422383,523994,604761,513387,530185,534638,510472,58175,100470,148504,0,179824,165121,141805,100731,383916,391548,181839,326553,48635,296529,413673,402427,63123,40845,56055,12294,123145,340899,194977,120939,130218,120593,266331,143785,119940,448413,378304,330404,119297,280068,133877,449013,331783,368861,77734,128703,130937,243041,171764,348164,109072,112414,369048,707963,249128,368235,513930,315805,389298,412139,644964,636082,642878,390536,371629,433242,641035,446324,505110,78685,326436,273411,123893
187255,144227,286732,620704,578416,667295,550172,502609,604219,684987,593612,610411,614863,590697,190161,232664,44572,178856,0,9359,38617,106981,262385,222525,117102,205022,179957,174999,244650,233404,166034,197092,188249,171245,249435,219368,147886,131476,154646,152799,298537,175992,146850,322279,352044,362610,282431,312275,220041,322879,363989,358829,240868,164482,141474,275247,207543,366799,272206,132798,366800,638616,281335,322277,387796,348011,352013,447918,618349,609467,616263,422743,407408,465449,614420,478530,577513,204975,358643,104388,90732
176721,129455,276199,605933,563645,652523,535400,487837,589448,670215,578841,595639,600091,575926,175389,217892,29800,164085,9335,0,23845,104529,251852,229361,102331,194489,165185,164465,251486,240239,151262,182321,173478,156474,234663,208835,133115,129024,152194,150347,296085,173540,144398,329115,358880,360158,267660,309823,217589,329715,361537,365665,226097,162030,139022,272795,205091,373634,257435,130346,373636,645452,278883,329112,394632,345559,358848,445466,625184,616302,623099,420291,404956,462997,621255,476078,562741,190203,356191,111224,88280
168477,118601,267955,595079,552791,641669,524546,476983,578594,659361,567987,584786,589238,565072,152734,195238,18946,141430,39515,24813,0,126630,243608,251240,91477,186244,142531,156221,273365,262119,128608,159666,150823,133819,212009,200591,122261,151125,174295,172448,318187,195641,166499,350994,380759,382259,245005,331924,239690,351594,383639,387544,203442,184131,161123,294896,227192,395514,234780,152447,395515,667331,300984,350992,416511,367661,380728,467567,647064,638182,644978,442392,427057,485098,643135,498179,551887,167549,378292,133103,110381
279669,230865,379147,635204,592916,681795,564672,517109,618719,699487,608112,624911,629363,605197,152901,195195,131210,101129,107288,104477,125256,0,354800,312996,203741,297437,143361,267413,325953,323874,157848,134641,150781,114845,217871,311783,234525,25328,48498,46651,192389,69844,40702,352802,304362,256462,223877,206127,113893,353402,257841,294919,185512,58334,35326,169099,101395,274223,216850,26650,295107,634022,175187,294293,418319,241863,315356,341770,571022,562140,568936,316594,301260,359301,567093,372382,599836,173411,252494,194859,40306
150250,220821,49923,693896,592508,740486,623363,575800,677410,758178,666804,683602,688054,663889,395304,437808,244739,384000,261534,251419,243761,354327,0,342190,199983,137628,385101,145259,365727,288616,371178,402236,393393,376389,454579,172670,226992,378823,401992,400146,520788,423338,394197,477453,507218,543862,487575,532379,467388,478053,545627,514003,446012,411829,388821,522594,454890,521973,477350,380144,521974,793790,500741,477451,542970,559991,507187,695265,773522,764641,771437,665023,654755,684855,769593,617133,553770,410119,578049,259230,338079
171889,356738,367600,833215,790927,879806,762683,715120,816730,897498,806123,822922,827374,803208,402672,445175,257083,391367,222973,228975,251128,262507,343253,0,329613,166249,392468,162139,36883,18863,378545,409603,400760,383756,461946,137626,360397,282144,262115,291807,328548,276695,274732,134828,287575,324218,494942,340139,380622,135428,325983,294359,453379,312783,270021,350026,355844,302329,484717,293851,302330,515398,308501,257807,221353,340347,287543,487336,553879,544997,551793,472783,529725,492615,549950,397489,790024,417486,385809,122656,224925
188677,42559,208619,519037,476749,565627,448504,400941,502552,583319,491945,508744,513196,489030,189191,161021,74797,182631,116922,102219,92075,204036,199719,328647,0,206445,178988,176421,350772,339525,165065,196123,173187,175020,201067,220791,46219,228532,251701,249855,395593,273047,243906,428401,458166,459666,286206,409331,317097,429001,461045,464951,244643,261538,238530,372303,304599,472920,275981,229853,472922,744738,378391,428398,493918,445067,458134,544974,724470,715588,722385,519798,504464,562505,720541,575586,475845,189133,455698,210510,187788
26341,252426,169167,728904,686616,775494,658371,610808,712418,793186,701811,718610,723062,698896,338423,380926,187857,327118,204652,194537,186879,297446,138352,167350,207578,0,328219,34514,203075,149738,314296,345354,336511,319507,397697,33792,256086,321941,345111,343264,464396,366457,337315,301020,450826,487469,430693,475987,410506,301620,489234,457610,389130,354947,331939,465712,398008,465580,420468,323263,465581,737397,444349,421058,387545,503598,450794,638383,717130,708248,715044,608631,597873,628463,713201,560740,662177,353237,521657,202837,281197
310417,180492,409895,493539,451251,540130,423007,375444,477054,557822,466447,483246,487698,463532,11560,53530,150136,53961,181456,166753,143437,143428,385548,393180,179266,328185,0,298161,415305,404059,17710,20310,9115,34372,76206,342531,171113,163636,172916,163290,309029,186483,162637,492934,421001,373101,116667,322766,176575,493534,374481,411559,75104,171401,173634,285738,214462,390862,106442,155112,411746,750661,291826,410933,558451,358503,431996,454837,687661,678780,685576,433234,414326,475940,683732,489022,458171,31745,369134,275043,177600
13444,222439,170750,698916,656628,745507,628383,580821,682431,763199,671824,688623,693075,668909,308435,350938,157870,297131,174665,164550,156892,267458,146403,162217,177590,33441,298232,0,197943,144605,284309,315367,306524,289520,367710,47787,226098,291954,315123,313277,434408,336469,307327,391073,420838,457482,400706,445999,380519,391673,459247,427623,359143,324960,301952,435725,368021,435593,390481,293275,435594,707410,414362,391071,456590,473611,420807,608396,687142,678261,685057,578644,567885,598476,683213,530753,655725,323249,491669,172850,251210
209125,378096,393702,854574,812286,901164,784041,736478,838088,918856,827481,844280,848732,824566,424030,466533,278441,412725,244331,250334,272486,283865,369355,38316,350971,203484,413826,199375,0,54136,399903,430961,422118,405114,483304,174861,381755,304439,284410,314102,343344,298990,297027,99971,276382,313025,516301,354935,402917,100571,314790,283166,474737,335078,292316,364822,378138,291136,506075,316146,291138,480541,323297,246614,186495,329155,276350,502132,542686,533804,540600,487579,544521,507411,476485,386296,811382,438844,400605,144015,246284
154201,369225,318597,845703,803415,892293,775170,727607,829217,909985,818610,835409,839861,815695,415159,457662,269570,403854,235460,241463,263615,274994,287782,18835,342100,148560,404955,144450,53714,0,391032,422090,413247,396243,474433,119937,372885,294631,274603,304294,341035,289182,287219,151659,298470,335114,507430,352626,393109,152259,336879,305255,465867,325270,282508,362513,368331,313225,497204,306339,313226,532229,320989,268703,238183,351243,298439,499824,564775,555893,562689,485271,542212,505103,560846,408385,802511,429973,398296,135144,237413
295194,165711,394671,510128,467840,556718,439595,392032,493643,574410,483036,499834,504286,480121,27615,70119,134912,68198,166232,151529,128213,157665,370324,377956,164042,312961,17412,282937,400081,388835,0,34547,25704,48609,86890,327307,156332,177873,187153,177527,323266,200720,176875,477710,435238,387338,132722,337003,190812,478310,388718,425796,91159,185638,187871,299975,228699,405099,122497,169349,425983,764898,306063,425170,543227,372740,446233,469074,701898,693017,699813,447471,428563,490177,697969,503259,474759,42430,383371,259820,162376
326601,196760,426078,511249,468961,557840,440717,393154,494764,575532,484157,500956,505408,481242,12965,71240,166319,46719,197639,182936,159620,136187,401731,409364,195449,344368,19406,314345,431489,420242,33893,0,26826,27101,78596,358714,192288,156395,165674,156048,301787,179241,155396,509117,413760,365859,103246,315524,169333,509717,367239,404317,61683,164159,166393,278496,207220,383620,93021,147870,404504,743419,284584,403691,574634,351261,424754,447595,680419,671538,678334,425992,407085,468698,676490,481780,475881,34629,361892,291227,160505
310428,172130,409905,485403,443115,531994,414871,367308,468918,549686,458311,475110,479562,455396,12201,45394,150146,60634,181466,166763,143447,150101,385558,393191,173219,328195,8966,298172,415316,404069,17720,20587,0,41045,68070,342541,162751,170309,179588,169963,315701,193156,169310,492945,427674,379774,114906,329439,183247,493545,381153,418231,73342,178074,180307,292411,221134,397535,104680,161784,418419,757334,298499,417605,558462,365175,438668,461510,694334,685452,692248,439907,420999,482613,690405,495694,450035,23610,375807,275054,177610
301934,187460,401412,526492,484204,573083,455960,408397,510007,590775,499400,516199,520651,496485,44189,86483,141653,12340,172972,158270,134954,113504,377065,384697,174988,319702,34649,289678,406822,395576,49136,27178,42068,0,109159,334048,188126,133712,142991,133366,279104,156559,132713,484451,391077,343177,113084,292842,146650,485051,344556,381634,71521,141476,143710,255814,184537,360938,102858,125187,381822,720737,261902,381008,549968,328578,402071,424912,657737,648855,655651,403309,384402,446016,653808,459097,491124,64698,339209,266560,132331
377809,204019,419504,439570,397282,486160,369037,321474,423085,503852,412478,429277,433729,409563,66553,39086,217528,128100,248847,234145,210829,217568,452940,460572,201023,395577,76433,365553,482697,471451,85102,78634,68495,108511,0,409923,185221,237776,247055,237430,383168,260622,236777,560326,495141,447241,164040,396905,250714,560926,448620,485698,122477,245540,247774,359878,288601,465001,153815,229251,485885,824800,365965,485072,625843,432642,506135,528976,761801,752919,759715,507373,488466,550079,757872,563161,404201,44441,443273,342435,244991
39048,265133,203444,741611,699323,788202,671078,623515,725126,805893,714519,731318,735770,711604,351130,393633,200564,339826,217360,207245,199587,310153,172629,137579,220285,33407,340927,47222,173304,119966,327004,358062,349219,332215,410405,0,268793,334649,357818,355972,477103,379164,350022,271249,463533,500177,443401,488694,423213,271849,501942,470318,401838,367655,344647,478420,410715,478288,433176,335970,478289,750105,457056,433766,357774,516306,463502,651091,729837,720956,727752,621339,610580,641171,725908,573448,698420,365944,534364,215545,293905
251095,6653,234946,479785,437497,526375,409252,361689,463299,544067,452692,469491,473943,449777,175045,139554,109039,197046,151164,136461,126317,238278,225167,362888,50472,268862,171327,238839,385013,373767,153517,188332,163135,189435,185256,283208,0,262774,285943,284097,429835,307289,278147,462642,492408,493908,300621,443572,351338,463242,495287,499192,259058,295780,272772,406545,338840,507162,290396,264095,507163,778979,412632,462640,528159,479309,492376,579216,758712,749830,756626,554040,538705,596746,754783,609828,436593,179172,489940,244751,222029
299749,250945,399226,656139,613851,702729,585606,538043,639654,720421,629047,645845,650298,626132,173836,216130,151290,122064,127367,124556,145335,21261,374879,280832,223821,317516,164295,287493,303528,291711,178783,155576,171715,135780,238805,331862,254605,0,26072,35779,181517,58972,29830,330377,293490,245590,212532,195255,102548,330977,246969,284047,174167,47462,12901,158227,90523,263351,205505,15778,284235,623150,164315,283421,395894,230991,304484,330898,560150,551268,558064,305723,290388,348429,556221,361510,620770,194345,241622,174135,44738
326750,277946,426227,677682,635394,724272,607149,559586,661197,741964,650590,667389,671841,647675,195379,237673,178291,143607,154368,151557,172336,48262,401880,261855,250821,344517,185839,314494,284550,272733,200326,177119,193258,157323,260348,358863,281605,25613,0,36929,177154,54608,14760,311399,289127,241227,234075,190892,124091,311999,242606,279684,195710,45061,13490,153864,88122,258988,227048,37321,279871,618786,159952,228632,376916,226628,300121,328497,555787,546905,553701,301359,287987,344066,551858,357147,642314,215888,237259,155157,55069
326539,277735,426017,655389,613101,701979,584856,537293,638904,719671,628297,645095,649548,625382,173085,215380,178080,121314,154157,151346,172125,48051,401669,292557,250611,344306,163545,314283,315253,303436,178033,154826,170965,135030,238055,358652,281395,36758,23264,0,150358,27813,13752,342102,262331,214431,211782,164096,101798,342702,215810,252888,173417,31304,44047,127068,74365,232192,204755,24281,253076,591990,133156,252262,407619,199832,273325,314740,528991,520109,526905,274563,274230,317270,525062,330351,620020,193595,210463,185860,87175
447594,422085,546591,799739,757451,846329,729206,681643,783254,864021,772647,789446,793898,769732,317436,359730,322430,265664,298508,295696,316475,192402,522244,329885,394961,465362,307895,435338,343560,340763,322383,299176,315315,279380,382405,427016,425745,181108,176329,147575,0,124197,167666,362229,153395,105495,268343,55159,152071,351240,106874,143952,309583,149745,184110,54183,110249,128200,282288,168631,144139,483054,24344,148270,339232,90896,164389,158423,420054,411173,417969,143870,175785,182755,416125,221415,764370,337945,75949,251112,231525
348876,300072,448354,677726,635438,724316,607193,559630,661241,742008,650634,667433,671885,647719,195423,237717,200417,143651,176495,173684,194462,70389,424007,275998,272948,366644,185882,336620,298693,286876,200370,177163,193302,157367,260392,380990,303732,59095,54316,25562,125431,0,45653,325542,237404,189504,222437,139168,106164,326142,190883,227961,195754,26436,62097,102141,81826,207265,227092,46618,228148,567063,108228,227335,423241,174905,248398,264189,504064,495182,501978,249636,281691,292343,500135,305424,642357,215932,185536,186557,109512
320727,271923,420205,654824,612536,701415,584292,536729,638339,719107,627732,644531,648983,624817,172521,214815,172268,120749,148346,145535,166313,42240,395858,274053,244799,338495,162981,308471,296749,284932,177468,154261,170401,134465,237491,352841,275583,30946,13019,13604,168186,45640,0,323598,280159,232259,211217,181924,101233,324198,233638,270716,172852,34131,17936,144896,77192,250020,204190,10062,270903,609818,150984,270090,389115,217660,291153,317567,546819,537937,544733,292391,277057,335098,542890,348179,619456,193031,228291,167356,60355
306474,456784,503612,933262,890974,979853,862729,815166,916777,997545,906170,922969,927421,903255,502718,545222,357129,449804,323019,329022,351175,354459,479265,135665,429660,300833,492515,296724,100824,151485,478592,509650,500807,483803,561993,272211,460444,331810,311781,341473,362094,326361,324398,0,221869,258513,540272,308952,430288,12890,260278,228654,501907,362449,319687,392945,405509,236624,533245,343517,236625,395109,338769,208153,101064,274642,221838,474171,408845,399963,406759,459618,572643,454006,392324,331784,890071,517533,350050,222703,322001
434045,486215,533042,915442,873154,962032,844909,797346,898956,979724,888350,905148,909600,885435,433138,475432,386560,381366,352449,358452,380605,308104,508695,288800,459090,451812,423598,421789,278976,299679,438086,414879,431018,395083,498108,466159,489874,296811,292032,263278,153941,239900,283368,223031,0,50360,398952,100799,282679,212041,45339,9988,433470,264152,299813,184792,240858,37786,412897,284334,15476,334016,130616,38327,200034,60087,14350,266018,314049,305167,311963,251465,364490,245853,310119,110635,880073,453648,141897,252133,272292
469768,489065,568765,866719,824431,913309,796186,748623,850233,931001,839626,856425,860877,836711,384415,426709,389410,332643,365487,362676,383455,259381,544418,324523,461940,487536,374875,457512,314699,335402,389363,366156,382295,346359,449385,501882,492724,248088,243309,214555,105218,191177,234645,258754,49920,0,350229,52076,233956,247765,13998,40477,384747,215428,251090,136069,192135,37672,364174,235611,55527,379579,81893,57374,235757,18301,60914,217295,327178,318297,325093,202742,315767,197130,323249,128539,831350,404925,93174,287857,298505
410661,296187,510139,576943,534655,623533,506410,458847,560458,641225,549851,566650,571102,546936,102489,151888,250380,126085,281699,266997,243681,222253,485792,493424,283715,428429,114931,398405,515549,504303,130641,101288,113222,111947,162366,442775,296853,211071,220350,210725,269567,233917,210072,538545,398304,350403,0,300068,118135,539145,351783,388861,43359,202106,221069,232860,160677,372838,16064,202546,389048,727963,269252,392909,584141,335805,409298,392485,664963,656082,662878,404665,351975,453242,661034,466324,541574,118217,346436,375287,254519
460476,438510,559473,816164,773876,862755,745631,698069,799679,880447,789072,805871,810323,786157,333861,376155,338855,282089,314933,312122,332901,208827,535125,342766,411386,478243,324321,448220,356441,353644,338808,315601,331740,295805,398830,439897,442170,197533,192755,164000,54664,140623,184091,308955,100121,52221,299674,0,183402,297966,53600,90678,334192,164874,200535,85514,141580,87873,313620,185056,90865,429780,31339,107575,285958,37622,111115,196386,366780,357899,364695,181833,265213,174143,362851,168141,780796,354370,70187,263993,247950
387743,338939,487220,663996,621708,710586,593463,545900,647511,728278,636904,653702,658155,633989,181693,223987,239284,129921,215361,212550,233329,109255,462873,376002,311814,405510,172152,375487,398698,386881,186640,163433,179572,143637,246662,419856,342599,98073,107352,97727,152859,107712,97074,425547,281595,233695,118326,183359,0,426147,235074,272152,159566,85398,108071,116152,43968,256130,132272,89548,272339,611254,152544,276200,467432,219096,292589,288159,548255,539373,546169,300339,247649,336534,544326,349615,628627,202202,229727,269305,141521
306231,456542,503369,933019,890731,979610,862487,814924,916534,997302,905927,922726,927178,903012,502476,544979,356887,449561,322777,328779,350932,354216,479022,135422,429417,300591,492272,296481,100581,151242,478349,509407,500564,483560,561750,271968,460201,331567,311538,341230,350795,326118,324155,13014,210570,247214,540029,297653,430045,0,248979,217355,501664,362206,319444,381646,437711,225325,533002,343275,225326,377120,327470,196854,83075,263343,210539,462872,397546,388664,395460,448319,561344,442707,373064,320485,889828,517290,338751,222461,321758
471754,490005,570751,867659,825371,914250,797126,749563,851174,931941,840567,857366,861818,837652,385356,427650,390350,333584,366428,363617,384396,260322,546404,326509,462881,489521,375816,459498,316685,337387,390303,367096,383235,347300,450325,503867,493665,249028,244250,215495,106159,192118,235586,260740,44485,13599,351169,53016,234897,249750,0,35042,385687,216369,252030,137009,193075,40117,365115,236551,40299,375145,82834,59819,237742,17352,55479,212914,316215,307333,314129,198361,316708,192749,312286,117575,832291,405865,88793,289842,299445
440354,492524,539351,905267,862979,951857,834734,787171,888782,969549,878175,894974,899426,875260,422964,465258,392869,371192,358758,364761,386914,297930,515004,295109,465399,458122,413423,428098,285285,305988,427911,404704,420843,384908,487933,472468,496183,286636,281857,253103,143767,229725,273194,229340,12650,40185,388777,90624,272505,218350,35164,0,423295,253977,289638,174617,230683,39957,402723,274159,17194,343310,120441,59658,206343,49913,23645,255844,323343,314461,321257,241291,354316,235678,319414,123941,869898,443473,131722,258442,268812
369884,255410,469362,551120,508832,597711,480588,433025,534635,615403,524028,540827,545279,521113,61712,111111,209603,85308,240923,226220,202904,183662,445015,452647,242938,387652,74154,357628,474772,463526,89864,60511,72446,71170,121590,401998,256076,172479,181759,172133,310562,195326,171480,499953,429844,381944,45378,331609,159129,500553,383324,420402,0,180244,182477,273855,201671,399705,35153,163955,420589,759504,300669,419776,565470,367346,440839,421736,696504,687623,694419,433916,381225,484783,692575,497865,515752,77440,377977,334510,196740
336974,288170,436452,661323,619035,707913,590790,543227,644837,725605,634230,651029,655481,631315,179019,221313,188515,127247,164593,161782,182561,58487,412105,313840,261046,354742,169479,324718,336536,324719,183967,160760,176899,140963,243989,369088,291830,47193,44029,28945,151303,26761,33751,363385,261279,213379,204062,163044,87790,363985,214758,251836,179351,0,57191,114596,45847,231140,218007,34716,252024,590939,132104,251210,428902,198780,272273,286222,527939,519057,525853,298402,245711,316218,524010,329299,625954,199529,209411,207143,97610
315710,266906,415188,666643,624355,713233,596110,548547,650157,730925,639550,656349,660801,636635,184339,226633,167251,132567,143329,140518,161296,37223,390841,269756,239782,333478,174799,303454,292452,280635,189287,166080,182219,146283,249309,347824,270566,14573,14996,44532,184757,62212,17939,319301,296730,248830,223035,198495,113052,319901,250210,287287,184671,57966,0,161467,101026,266591,216008,26281,287475,626390,167555,236236,384818,234232,307724,341402,563390,554508,561305,308963,300891,351669,559461,364750,631274,204849,244863,163059,44014
447713,398909,547191,776563,734275,823153,706030,658467,760078,840845,749471,766270,770722,746556,294260,336554,299254,242488,275332,272521,293300,169226,522844,351526,371785,465481,284720,435457,365201,362404,299207,276000,292139,256204,359229,479827,402569,157932,153154,124399,55054,101021,144490,392625,183791,135890,231946,85555,115674,381636,137270,174348,273186,113348,160934,0,73852,158325,245891,145455,174535,513450,54740,178396,369628,121292,194785,174157,450450,441569,448365,159604,182011,238729,446521,251811,741195,314769,131923,272753,208349
379343,330539,478820,703691,661403,750281,633158,585595,687206,767973,676599,693397,697850,673684,221387,263682,230884,169616,206961,204150,224929,100855,454473,356209,303414,397110,211847,367087,378904,367087,226335,203128,219267,183332,286357,411456,334198,89562,86397,71314,111337,82761,76119,405753,240074,192173,160391,141838,44119,437918,193553,230631,201631,43876,99560,74630,0,214608,174337,77085,230818,569733,111023,234679,425911,177575,251068,243496,506733,497852,504648,255676,202986,295012,502804,308094,668322,241897,188206,249511,139979
446557,498727,545554,881716,839428,928306,811183,763620,865230,945998,854623,871422,875874,851709,399412,441706,399072,347640,364962,370964,393117,274378,521207,301312,471602,464325,389872,434301,291488,312191,404360,381153,397292,361356,464382,478671,502386,263085,258306,229552,127156,206174,249642,235543,47369,36909,371848,87347,255576,224553,38623,37926,399744,230425,266087,157688,213754,0,385794,250608,52977,356368,101867,24887,212546,52987,43156,252567,336400,327519,334315,238014,337387,232401,332471,146734,846347,419922,128445,264645,242733
401391,286918,500869,563198,520910,609789,492666,445103,546713,627481,536106,552905,557357,533191,93219,142618,241110,116815,272430,257727,234411,215169,476522,484154,274445,419159,105661,389135,506279,495033,121371,92018,103953,102677,153097,433505,287583,203986,213266,203640,282867,226833,202987,531461,411603,363703,16266,313367,131434,532060,365082,402160,34089,215405,213984,246159,173976,386137,0,195462,402347,741262,282552,406208,597440,349104,422597,393879,678262,669381,676177,406059,353369,466541,674333,479623,527830,108947,359735,366017,228247
304660,255856,404138,647132,604844,693722,576599,529036,630647,711414,620040,636838,641290,617125,164828,207123,156201,113057,132279,129468,150247,26173,379791,292809,228732,322428,155288,292404,315504,303687,169776,146569,162708,126773,229798,336774,259516,14879,27661,23332,169070,46525,10137,342353,281043,233143,203525,182808,93541,342953,234522,271600,165160,35015,24877,145780,78076,250904,196498,0,271788,610703,151868,270974,407870,218544,292037,318451,547703,538821,545618,293276,277941,335982,543774,349063,611763,185338,229176,186112,65296
448596,500765,547593,905285,862997,951876,834753,787190,888800,969568,878193,894992,899444,875278,422982,465276,401110,371210,367000,373003,395156,297948,523246,303351,473641,466363,413442,436340,293527,314229,427929,404722,420861,384926,487952,480709,504425,286654,281876,253122,143785,229744,273212,237582,15303,54768,388795,90642,272523,226592,40230,17162,423313,253995,289656,174635,230701,54540,402741,274178,0,318822,120460,74241,214584,54978,26342,250540,298855,289973,296770,235987,354334,199390,294926,96270,869917,443491,126419,266684,292088
719992,772162,818989,1248639,1206351,1295230,1178107,1130544,1232154,1312922,1221547,1238346,1242798,1218632,757316,799610,672507,705544,638396,644399,666552,632282,794642,516442,745037,737760,747776,707736,481602,532263,762264,739057,755196,719261,822286,752106,775821,620989,616210,587456,478119,564078,607546,396652,332787,374538,723130,424977,606857,377809,373653,342003,757648,588329,623991,508970,565036,357285,737075,608512,317807,0,454794,357084,295898,390667,315033,563171,125141,118933,111156,575351,606320,416196,89548,286875,1205448,777826,416086,538080,591791
428798,405926,527795,783580,741292,830170,713047,665484,767094,847862,756487,773286,777738,753572,301276,343570,306271,249504,282348,279537,300316,176242,503448,311089,378801,446566,291736,416542,324764,321967,306224,283017,299156,263220,366246,408220,409585,164949,160170,131416,24201,108038,151506,339261,130426,82526,269212,32191,152940,328271,83905,120983,301608,132289,167951,55052,111118,103082,283157,152472,121171,460086,0,137880,316263,67927,141420,182990,397086,388204,395000,168437,234751,185365,393157,198446,748211,321786,78558,232316,215366
401679,453849,500676,904281,861993,950872,833748,786186,887796,968564,877189,893988,898440,874274,421978,464272,354194,370206,320084,326086,348239,296944,476329,256434,426724,419447,412438,389423,246610,267313,426925,403718,419857,383922,486948,433793,457508,285650,224416,252117,149721,228740,272208,205917,43511,59110,394414,109548,278142,194927,60824,60127,422309,252991,232197,180254,236320,25879,408359,273173,75178,356691,124433,0,182920,75188,43479,274768,336724,327842,334639,260215,359952,254602,332795,168935,868913,442487,150647,219768,247791
392379,521741,568568,998219,955931,1044809,927686,880123,981733,1062501,971126,987925,992377,968211,567675,610178,422086,514760,387976,393979,416131,419415,544221,221570,494617,386739,557471,382629,186729,237390,543548,574606,565763,548759,626949,358116,525401,396766,376738,406429,340323,426281,389354,101780,200098,236741,585333,287180,469061,82937,238506,206882,566863,450533,384644,371173,427239,214852,599279,408474,214854,295158,316997,186381,0,252871,200066,452400,317410,311202,310468,437847,550872,432234,291102,282641,955027,582489,328278,287660,386957
486048,474772,585044,852426,810138,899017,781893,734331,835941,916709,825334,842133,846585,822419,370123,412417,375117,318351,351195,348384,369163,245089,560697,340802,447648,503815,360583,473791,330978,351681,375070,351863,368002,332067,435093,518161,478432,233795,229017,200263,90926,176885,220353,275033,66199,18299,335936,37783,219664,264044,17533,56756,370454,201136,236797,121776,177842,53951,349882,221319,54798,395858,67601,73653,252036,0,77193,201169,330714,321832,328628,186616,301475,181003,326785,132074,817058,390632,77047,304136,284213
434264,486434,533261,925055,882767,971646,854522,806960,908570,989338,897963,914762,919214,895048,442752,485046,386779,390980,352669,358671,380824,317718,508914,289019,459309,452032,433212,422008,279195,299898,447699,424492,440631,404696,507722,466378,490093,306424,301646,272892,163555,249514,292982,223250,14086,59974,408565,110412,292293,212260,54953,23302,443083,273765,309426,194405,250471,44977,422511,293948,25437,316088,140230,44776,200253,69701,0,275632,296120,287239,294035,261079,374104,255466,292191,120596,889687,463261,151510,252352,279483
623280,574476,722757,848533,840580,888825,790378,788061,832048,912816,821707,838240,836393,808206,465325,507619,474821,413553,450898,448087,468866,344792,698410,486857,547351,641047,455785,611024,500532,497735,470272,447065,463204,427269,530294,655393,578135,333499,330335,315251,157402,274773,320056,471998,263164,215264,393642,196321,290428,461009,216643,253721,423267,287814,343497,173165,246236,250916,395909,321022,253908,564679,181316,270618,449001,200665,274158,0,460195,446155,461226,14304,54475,83375,476994,237920,874232,485834,122205,408084,383916
700094,752264,799091,1182215,1139927,1228805,1111682,1064119,1165729,1246497,1155122,1171921,1176373,1152207,699911,742205,652609,648139,618499,624501,646654,574877,774744,554849,725139,717862,690371,687838,493090,565728,704859,681652,697791,661855,764881,732208,755923,563584,558805,530051,420714,506673,550141,407842,313187,328154,665725,367572,549452,396852,317159,322403,700243,530924,566586,451565,507631,337686,679670,551107,298207,126059,397389,337485,319517,331908,295434,458599,0,14147,8520,470779,501749,350300,38373,201741,1146846,720421,330953,518183,572191
691005,743175,790002,1173126,1130838,1219716,1102593,1055030,1156640,1237408,1146033,1162832,1167284,1143118,690822,733116,643520,639050,609410,615412,637565,565788,765655,545760,716050,708773,681282,678749,484001,556639,695770,672563,688702,652766,755792,723119,746834,554495,549716,520962,411625,497584,541052,398753,304098,319065,656636,358483,540363,387763,308070,313314,691154,521835,557497,442476,498542,328597,670581,542018,289118,119393,388300,328396,312851,322819,286345,445885,15001,0,16032,458065,489035,337586,31708,192652,1137757,711332,321863,509094,563102
699099,751268,798095,1181219,1138931,1227809,1110686,1063123,1164734,1245501,1154127,1170925,1175377,1151212,698915,741210,651613,647144,617503,623506,645658,573881,773748,553853,724144,716866,689375,686842,492094,564732,703863,680656,696795,660860,763885,731212,754928,562588,557809,529055,419718,505677,549145,406846,312191,327159,664729,366576,548456,395856,316164,321407,699247,529929,565590,450569,506635,336690,678674,550111,297212,108806,396393,336489,313214,330912,294438,459236,8476,14783,0,471416,502386,330066,24557,200746,1145850,719425,329957,517187,571196
590961,559055,689958,859762,851809,900054,801607,799290,843277,924045,832936,849469,847622,819435,454406,496700,459400,402634,435477,432666,453445,329372,665611,473251,531931,608729,444865,578705,486927,484130,459353,436146,452285,416350,519375,570383,562715,318078,313299,284545,143796,261167,304636,458393,249558,201658,404871,182716,301657,447403,203037,240115,434496,299042,321080,159560,257465,237311,407138,305601,240303,575908,167710,257012,435395,187059,260552,14824,471424,457384,472455,0,65704,85713,488223,221225,885461,474915,108599,394479,368495
580765,531961,680242,806018,798065,846310,747863,745546,789533,870301,779192,795725,793878,765691,422810,465104,432306,371038,408383,405572,426351,302277,655895,533076,504837,598532,413270,568509,546751,543955,427757,404550,420689,384754,487780,612878,535621,290984,287820,272736,175134,282572,277541,574175,365341,317441,351127,267105,247913,563186,318820,355898,380752,245299,300982,183545,203721,339875,353394,278507,356085,607945,236290,359946,551178,302842,376335,54068,503461,489421,504492,66248,0,132272,520260,286818,831717,443319,174149,450934,341401
612580,589707,711577,922905,925073,963196,864749,849265,906419,987187,896078,912611,910764,882577,485057,527352,490052,433286,466129,463318,484097,360023,687230,494870,562583,630347,475517,600324,508545,505748,490005,466798,482937,447002,550027,592002,593367,348730,343951,315197,184754,291819,335288,453885,245050,197150,452831,173906,336559,442895,198529,235607,485389,316071,351732,238671,294737,232803,466777,336253,198799,414161,184495,252504,430887,182551,256044,80410,354999,340959,356030,83151,128846,0,326476,158302,931992,505567,104306,416097,399147
696834,749003,795831,1178954,1136666,1225545,1108421,1060859,1162469,1243237,1151862,1168661,1173113,1148947,696651,738945,649348,644879,615238,621241,643394,571617,771484,510971,721879,714601,687111,684578,476130,526791,701598,678391,694530,658595,761621,728947,752663,560323,555545,526791,417454,503413,546881,390882,309927,324894,662464,364311,546192,379892,313899,319143,696982,527664,563325,448304,504370,334425,676410,547847,294947,89367,394129,334224,291038,328647,292173,474777,36748,30539,22762,486957,517927,327802,0,198481,1143586,717160,327692,514922,568931
543136,604126,642133,981780,939492,1028370,911247,863684,965295,1046062,954688,971486,975939,951773,499476,541771,504471,447705,480548,477737,498516,374442,617786,397891,577002,560904,489936,530880,388067,408770,504424,481217,497356,461421,564446,575250,607786,363149,358370,329616,220279,306238,349707,332122,109844,127720,465290,167137,349018,321133,116725,111497,499808,330490,366151,251130,307196,147467,479235,350672,95398,285447,196954,167168,281653,131473,120883,234761,201691,192809,199606,220208,286591,158615,197762,0,946411,519986,130461,361225,413566
677078,435666,516001,101720,39038,176384,104556,96578,93883,183913,122169,109337,123952,119632,458721,412953,535022,510565,577147,562444,552300,600033,554880,788871,476455,694845,458898,664822,810996,799750,467919,476914,450960,490976,404663,709191,436409,620241,629520,619894,765633,643087,619242,888625,877606,829705,541455,779370,633179,889225,831085,868163,517572,628005,630239,742342,671066,847466,526609,611716,868350,1204962,748430,867537,954142,815107,888600,872661,1184695,1175813,1182609,884841,832151,932544,1180766,945626,0,441264,825738,670734,648012
333851,187095,433329,479611,437323,526201,409078,361515,463126,543893,452519,469318,473770,449604,22595,39235,173570,84142,204889,190187,166871,173610,408982,416614,188184,351619,32475,321595,438739,427493,41144,34676,24537,64553,44480,365965,178878,193818,203097,193472,339210,216664,192819,516368,451183,403283,119495,352947,206756,516968,404662,441740,77932,201582,203816,315920,244643,421043,109270,185293,441927,780842,322007,441114,581885,388684,462177,485018,717843,708961,715757,463415,444508,506121,713914,519203,444243,0,399315,298477,201033
505202,482329,604199,859983,817695,906574,789451,741888,843498,924266,832891,849690,854142,829976,377680,419974,382674,325908,358752,355941,376720,252646,579852,387492,455205,522969,368140,492946,401168,398371,382627,359420,375559,339624,442650,484624,485989,241352,236574,207820,77376,184442,227910,349860,141025,93125,345454,69882,229181,338870,94505,131582,378011,208693,244354,131293,187359,128778,359399,228876,131770,415068,77118,148480,326863,78527,152019,120902,331311,322430,329226,106349,171781,107025,327382,130800,824615,398189,0,308720,291770
185864,237809,284861,714287,671999,760877,643754,596191,697802,778569,687195,703993,708445,684280,283743,326246,138154,272439,104044,110047,132199,212956,260514,120935,210685,203631,273539,173608,143060,131813,259616,290675,281832,264828,343017,217977,241469,174723,154695,184387,264024,185833,167312,220689,250454,287098,376014,275615,273202,221289,288862,257239,334451,205362,162601,285502,248423,265208,365789,186431,265210,537026,243977,220686,286206,303227,250422,422812,516758,507877,514673,408259,448288,428091,512829,360369,671095,298557,321285,0,122808
263476,214672,362954,691150,648862,737740,620617,573054,674665,755432,664058,680857,685309,661143,186909,229413,115017,123810,91095,88284,109063,39800,338607,225199,187548,281244,176706,251220,247324,236078,162783,160082,184998,132576,246184,295590,218332,44700,56022,85618,231357,108811,79669,322124,273038,295430,262844,245094,152860,322724,296809,278282,196971,97302,44147,208067,140362,244034,228309,65617,334074,591642,214154,251854,387641,280831,278430,380738,609989,601108,607904,355562,340227,398268,606060,411350,647959,201724,291462,123162,0
